{"cameraMode":{"drawMode":0,"name":"Shaded","section":"Shading Mode"},"sceneLighting":true,"audioPlay":false,"sceneViewState":{"m_AlwaysRefresh":false,"showFog":true,"showSkybox":false,"showFlares":true,"showImageEffects":true,"showParticleSystems":true,"showVisualEffectGraphs":true,"m_FxEnabled":true},"in2DMode":false,"pivot":{"x":335.9241638183594,"y":134.63436889648438,"z":26.648284912109376},"rotation":{"x":-0.022172605618834497,"y":-0.03748723492026329,"z":-0.0008321866043843329,"w":0.9990547895431519},"size":299.15228271484377,"orthographic":false}